,time_steps,Y coordinates
0,-10.0,100.0
1,-9.99,99.8001
2,-9.98,99.60040000000001
3,-9.97,99.40090000000001
4,-9.96,99.20160000000001
5,-9.950000000000001,99.00250000000003
6,-9.940000000000001,98.80360000000003
7,-9.930000000000001,98.60490000000003
8,-9.920000000000002,98.40640000000003
9,-9.910000000000002,98.20810000000004
10,-9.900000000000002,98.01000000000005
11,-9.890000000000002,97.81210000000004
12,-9.880000000000003,97.61440000000005
13,-9.870000000000003,97.41690000000006
14,-9.860000000000003,97.21960000000006
15,-9.850000000000003,97.02250000000006
16,-9.840000000000003,96.82560000000007
17,-9.830000000000004,96.62890000000007
18,-9.820000000000004,96.43240000000007
19,-9.810000000000004,96.23610000000008
20,-9.800000000000004,96.04000000000008
21,-9.790000000000004,95.84410000000008
22,-9.780000000000005,95.6484000000001
23,-9.770000000000005,95.4529000000001
24,-9.760000000000005,95.2576000000001
25,-9.750000000000005,95.0625000000001
26,-9.740000000000006,94.86760000000011
27,-9.730000000000006,94.67290000000011
28,-9.720000000000006,94.47840000000012
29,-9.710000000000006,94.28410000000012
30,-9.700000000000006,94.09000000000012
31,-9.690000000000007,93.89610000000013
32,-9.680000000000007,93.70240000000013
33,-9.670000000000007,93.50890000000014
34,-9.660000000000007,93.31560000000015
35,-9.650000000000007,93.12250000000014
36,-9.640000000000008,92.92960000000015
37,-9.630000000000008,92.73690000000015
38,-9.620000000000008,92.54440000000015
39,-9.610000000000008,92.35210000000016
40,-9.600000000000009,92.16000000000017
41,-9.590000000000009,91.96810000000016
42,-9.580000000000009,91.77640000000017
43,-9.57000000000001,91.58490000000018
44,-9.56000000000001,91.39360000000018
45,-9.55000000000001,91.20250000000019
46,-9.54000000000001,91.01160000000019
47,-9.53000000000001,90.8209000000002
48,-9.52000000000001,90.6304000000002
49,-9.51000000000001,90.4401000000002
50,-9.50000000000001,90.2500000000002
51,-9.49000000000001,90.0601000000002
52,-9.480000000000011,89.87040000000022
53,-9.470000000000011,89.68090000000021
54,-9.460000000000012,89.49160000000022
55,-9.450000000000012,89.30250000000022
56,-9.440000000000012,89.11360000000022
57,-9.430000000000012,88.92490000000024
58,-9.420000000000012,88.73640000000023
59,-9.410000000000013,88.54810000000023
60,-9.400000000000013,88.36000000000024
61,-9.390000000000013,88.17210000000024
62,-9.380000000000013,87.98440000000025
63,-9.370000000000013,87.79690000000025
64,-9.360000000000014,87.60960000000026
65,-9.350000000000014,87.42250000000026
66,-9.340000000000014,87.23560000000026
67,-9.330000000000014,87.04890000000027
68,-9.320000000000014,86.86240000000026
69,-9.310000000000015,86.67610000000028
70,-9.300000000000015,86.49000000000028
71,-9.290000000000015,86.30410000000028
72,-9.280000000000015,86.11840000000028
73,-9.270000000000016,85.93290000000029
74,-9.260000000000016,85.74760000000029
75,-9.250000000000016,85.5625000000003
76,-9.240000000000016,85.3776000000003
77,-9.230000000000016,85.19290000000031
78,-9.220000000000017,85.00840000000031
79,-9.210000000000017,84.82410000000031
80,-9.200000000000017,84.64000000000031
81,-9.190000000000017,84.45610000000032
82,-9.180000000000017,84.27240000000032
83,-9.170000000000018,84.08890000000032
84,-9.160000000000018,83.90560000000033
85,-9.150000000000018,83.72250000000034
86,-9.140000000000018,83.53960000000033
87,-9.130000000000019,83.35690000000034
88,-9.120000000000019,83.17440000000035
89,-9.110000000000019,82.99210000000035
90,-9.10000000000002,82.81000000000034
91,-9.09000000000002,82.62810000000036
92,-9.08000000000002,82.44640000000035
93,-9.07000000000002,82.26490000000035
94,-9.06000000000002,82.08360000000036
95,-9.05000000000002,81.90250000000037
96,-9.04000000000002,81.72160000000036
97,-9.03000000000002,81.54090000000038
98,-9.020000000000021,81.36040000000038
99,-9.010000000000021,81.18010000000038
100,-9.000000000000021,81.00000000000038
101,-8.990000000000022,80.82010000000038
102,-8.980000000000022,80.6404000000004
103,-8.970000000000022,80.4609000000004
104,-8.960000000000022,80.2816000000004
105,-8.950000000000022,80.1025000000004
106,-8.940000000000023,79.9236000000004
107,-8.930000000000023,79.74490000000041
108,-8.920000000000023,79.56640000000041
109,-8.910000000000023,79.38810000000042
110,-8.900000000000023,79.21000000000042
111,-8.890000000000024,79.03210000000043
112,-8.880000000000024,78.85440000000042
113,-8.870000000000024,78.67690000000043
114,-8.860000000000024,78.49960000000043
115,-8.850000000000025,78.32250000000043
116,-8.840000000000025,78.14560000000044
117,-8.830000000000025,77.96890000000045
118,-8.820000000000025,77.79240000000044
119,-8.810000000000025,77.61610000000044
120,-8.800000000000026,77.44000000000045
121,-8.790000000000026,77.26410000000045
122,-8.780000000000026,77.08840000000046
123,-8.770000000000026,76.91290000000046
124,-8.760000000000026,76.73760000000047
125,-8.750000000000027,76.56250000000047
126,-8.740000000000027,76.38760000000048
127,-8.730000000000027,76.21290000000047
128,-8.720000000000027,76.03840000000048
129,-8.710000000000027,75.86410000000048
130,-8.700000000000028,75.69000000000048
131,-8.690000000000028,75.51610000000049
132,-8.680000000000028,75.3424000000005
133,-8.670000000000028,75.16890000000049
134,-8.660000000000029,74.9956000000005
135,-8.650000000000029,74.8225000000005
136,-8.640000000000029,74.6496000000005
137,-8.63000000000003,74.4769000000005
138,-8.62000000000003,74.30440000000051
139,-8.61000000000003,74.1321000000005
140,-8.60000000000003,73.96000000000052
141,-8.59000000000003,73.78810000000051
142,-8.58000000000003,73.61640000000052
143,-8.57000000000003,73.44490000000052
144,-8.56000000000003,73.27360000000053
145,-8.550000000000031,73.10250000000053
146,-8.540000000000031,72.93160000000053
147,-8.530000000000031,72.76090000000053
148,-8.520000000000032,72.59040000000054
149,-8.510000000000032,72.42010000000055
150,-8.500000000000032,72.25000000000054
151,-8.490000000000032,72.08010000000054
152,-8.480000000000032,71.91040000000055
153,-8.470000000000033,71.74090000000055
154,-8.460000000000033,71.57160000000056
155,-8.450000000000033,71.40250000000056
156,-8.440000000000033,71.23360000000056
157,-8.430000000000033,71.06490000000056
158,-8.420000000000034,70.89640000000057
159,-8.410000000000034,70.72810000000057
160,-8.400000000000034,70.56000000000057
161,-8.390000000000034,70.39210000000058
162,-8.380000000000035,70.22440000000059
163,-8.370000000000035,70.05690000000058
164,-8.360000000000035,69.88960000000058
165,-8.350000000000035,69.7225000000006
166,-8.340000000000035,69.5556000000006
167,-8.330000000000036,69.38890000000059
168,-8.320000000000036,69.22240000000059
169,-8.310000000000036,69.0561000000006
170,-8.300000000000036,68.8900000000006
171,-8.290000000000036,68.7241000000006
172,-8.280000000000037,68.5584000000006
173,-8.270000000000037,68.39290000000061
174,-8.260000000000037,68.2276000000006
175,-8.250000000000037,68.06250000000061
176,-8.240000000000038,67.89760000000062
177,-8.230000000000038,67.73290000000063
178,-8.220000000000038,67.56840000000062
179,-8.210000000000038,67.40410000000062
180,-8.200000000000038,67.24000000000063
181,-8.190000000000039,67.07610000000064
182,-8.180000000000039,66.91240000000063
183,-8.170000000000039,66.74890000000063
184,-8.16000000000004,66.58560000000064
185,-8.15000000000004,66.42250000000064
186,-8.14000000000004,66.25960000000065
187,-8.13000000000004,66.09690000000064
188,-8.12000000000004,65.93440000000065
189,-8.11000000000004,65.77210000000065
190,-8.10000000000004,65.61000000000065
191,-8.09000000000004,65.44810000000066
192,-8.080000000000041,65.28640000000067
193,-8.070000000000041,65.12490000000066
194,-8.060000000000041,64.96360000000067
195,-8.050000000000042,64.80250000000066
196,-8.040000000000042,64.64160000000066
197,-8.030000000000042,64.48090000000067
198,-8.020000000000042,64.32040000000067
199,-8.010000000000042,64.16010000000068
200,-8.000000000000043,64.00000000000068
201,-7.990000000000043,63.84010000000068
202,-7.980000000000043,63.68040000000069
203,-7.970000000000043,63.52090000000069
204,-7.9600000000000435,63.36160000000069
205,-7.950000000000044,63.2025000000007
206,-7.940000000000044,63.043600000000694
207,-7.930000000000044,62.8849000000007
208,-7.920000000000044,62.7264000000007
209,-7.9100000000000446,62.568100000000705
210,-7.900000000000045,62.41000000000071
211,-7.890000000000045,62.25210000000071
212,-7.880000000000045,62.09440000000071
213,-7.870000000000045,61.93690000000071
214,-7.860000000000046,61.77960000000072
215,-7.850000000000046,61.62250000000072
216,-7.840000000000046,61.46560000000072
217,-7.830000000000046,61.308900000000726
218,-7.8200000000000465,61.152400000000725
219,-7.810000000000047,60.99610000000073
220,-7.800000000000047,60.84000000000073
221,-7.790000000000047,60.68410000000073
222,-7.780000000000047,60.52840000000074
223,-7.7700000000000475,60.37290000000074
224,-7.760000000000048,60.21760000000074
225,-7.750000000000048,60.062500000000746
226,-7.740000000000048,59.90760000000075
227,-7.730000000000048,59.75290000000075
228,-7.720000000000049,59.59840000000075
229,-7.710000000000049,59.44410000000075
230,-7.700000000000049,59.29000000000075
231,-7.690000000000049,59.13610000000076
232,-7.6800000000000495,58.98240000000076
233,-7.67000000000005,58.828900000000765
234,-7.66000000000005,58.67560000000076
235,-7.65000000000005,58.52250000000077
236,-7.64000000000005,58.369600000000766
237,-7.6300000000000505,58.21690000000077
238,-7.620000000000051,58.064400000000774
239,-7.610000000000051,57.91210000000078
240,-7.600000000000051,57.76000000000078
241,-7.590000000000051,57.60810000000078
242,-7.580000000000052,57.456400000000784
243,-7.570000000000052,57.304900000000785
244,-7.560000000000052,57.153600000000786
245,-7.550000000000052,57.002500000000786
246,-7.540000000000052,56.85160000000079
247,-7.530000000000053,56.70090000000079
248,-7.520000000000053,56.55040000000079
249,-7.510000000000053,56.4001000000008
250,-7.500000000000053,56.2500000000008
251,-7.4900000000000535,56.1001000000008
252,-7.480000000000054,55.950400000000805
253,-7.470000000000054,55.80090000000081
254,-7.460000000000054,55.651600000000805
255,-7.450000000000054,55.50250000000081
256,-7.440000000000055,55.35360000000081
257,-7.430000000000055,55.20490000000081
258,-7.420000000000055,55.056400000000814
259,-7.410000000000055,54.90810000000082
260,-7.400000000000055,54.76000000000082
261,-7.390000000000056,54.61210000000082
262,-7.380000000000056,54.46440000000082
263,-7.370000000000056,54.31690000000083
264,-7.360000000000056,54.16960000000083
265,-7.3500000000000565,54.02250000000083
266,-7.340000000000057,53.87560000000083
267,-7.330000000000057,53.728900000000834
268,-7.320000000000057,53.58240000000084
269,-7.310000000000057,53.43610000000084
270,-7.3000000000000576,53.29000000000084
271,-7.290000000000058,53.14410000000084
272,-7.280000000000058,52.99840000000084
273,-7.270000000000058,52.852900000000844
274,-7.260000000000058,52.707600000000845
275,-7.250000000000059,52.56250000000085
276,-7.240000000000059,52.41760000000085
277,-7.230000000000059,52.27290000000085
278,-7.220000000000059,52.12840000000086
279,-7.2100000000000595,51.98410000000086
280,-7.20000000000006,51.840000000000856
281,-7.19000000000006,51.69610000000086
282,-7.18000000000006,51.552400000000866
283,-7.17000000000006,51.40890000000086
284,-7.1600000000000605,51.265600000000866
285,-7.150000000000061,51.12250000000087
286,-7.140000000000061,50.97960000000087
287,-7.130000000000061,50.836900000000874
288,-7.120000000000061,50.694400000000876
289,-7.110000000000062,50.55210000000088
290,-7.100000000000062,50.41000000000088
291,-7.090000000000062,50.26810000000088
292,-7.080000000000062,50.126400000000885
293,-7.0700000000000625,49.984900000000884
294,-7.060000000000063,49.84360000000088
295,-7.050000000000063,49.70250000000089
296,-7.040000000000063,49.56160000000089
297,-7.030000000000063,49.42090000000089
298,-7.0200000000000635,49.28040000000089
299,-7.010000000000064,49.14010000000089
300,-7.000000000000064,49.000000000000895
301,-6.990000000000064,48.8601000000009
302,-6.980000000000064,48.7204000000009
303,-6.970000000000065,48.5809000000009
304,-6.960000000000065,48.4416000000009
305,-6.950000000000065,48.302500000000904
306,-6.940000000000065,48.163600000000905
307,-6.930000000000065,48.024900000000905
308,-6.920000000000066,47.88640000000091
309,-6.910000000000066,47.74810000000091
310,-6.900000000000066,47.61000000000091
311,-6.890000000000066,47.472100000000914
312,-6.8800000000000665,47.33440000000091
313,-6.870000000000067,47.196900000000916
314,-6.860000000000067,47.05960000000092
315,-6.850000000000067,46.92250000000092
316,-6.840000000000067,46.78560000000092
317,-6.830000000000068,46.64890000000092
318,-6.820000000000068,46.51240000000092
319,-6.810000000000068,46.376100000000925
320,-6.800000000000068,46.240000000000926
321,-6.790000000000068,46.104100000000926
322,-6.780000000000069,45.96840000000093
323,-6.770000000000069,45.83290000000093
324,-6.760000000000069,45.69760000000093
325,-6.750000000000069,45.56250000000094
326,-6.7400000000000695,45.427600000000936
327,-6.73000000000007,45.29290000000094
328,-6.72000000000007,45.15840000000094
329,-6.71000000000007,45.02410000000094
330,-6.70000000000007,44.890000000000946
331,-6.690000000000071,44.75610000000094
332,-6.680000000000071,44.622400000000944
333,-6.670000000000071,44.488900000000946
334,-6.660000000000071,44.35560000000095
335,-6.650000000000071,44.22250000000095
336,-6.640000000000072,44.08960000000095
337,-6.630000000000072,43.95690000000095
338,-6.620000000000072,43.824400000000956
339,-6.610000000000072,43.692100000000956
340,-6.6000000000000725,43.560000000000954
341,-6.590000000000073,43.42810000000096
342,-6.580000000000073,43.29640000000096
343,-6.570000000000073,43.16490000000096
344,-6.560000000000073,43.03360000000096
345,-6.5500000000000735,42.90250000000096
346,-6.540000000000074,42.771600000000966
347,-6.530000000000074,42.64090000000097
348,-6.520000000000074,42.51040000000097
349,-6.510000000000074,42.380100000000965
350,-6.500000000000075,42.25000000000097
351,-6.490000000000075,42.120100000000974
352,-6.480000000000075,41.990400000000975
353,-6.470000000000075,41.860900000000974
354,-6.4600000000000755,41.731600000000974
355,-6.450000000000076,41.60250000000098
356,-6.440000000000076,41.47360000000098
357,-6.430000000000076,41.344900000000976
358,-6.420000000000076,41.21640000000098
359,-6.4100000000000765,41.08810000000098
360,-6.400000000000077,40.96000000000098
361,-6.390000000000077,40.832100000000985
362,-6.380000000000077,40.70440000000099
363,-6.370000000000077,40.57690000000098
364,-6.360000000000078,40.449600000000984
365,-6.350000000000078,40.322500000000986
366,-6.340000000000078,40.19560000000099
367,-6.330000000000078,40.06890000000099
368,-6.320000000000078,39.942400000000994
369,-6.310000000000079,39.81610000000099
370,-6.300000000000079,39.69000000000099
371,-6.290000000000079,39.564100000001
372,-6.280000000000079,39.438400000000996
373,-6.2700000000000795,39.312900000000994
374,-6.26000000000008,39.187600000001
375,-6.25000000000008,39.062500000001
376,-6.24000000000008,38.937600000001
377,-6.23000000000008,38.812900000001
378,-6.220000000000081,38.688400000001
379,-6.210000000000081,38.564100000001005
380,-6.200000000000081,38.44000000000101
381,-6.190000000000081,38.31610000000101
382,-6.180000000000081,38.19240000000101
383,-6.170000000000082,38.06890000000101
384,-6.160000000000082,37.94560000000101
385,-6.150000000000082,37.82250000000101
386,-6.140000000000082,37.69960000000101
387,-6.1300000000000825,37.57690000000101
388,-6.120000000000083,37.454400000001016
389,-6.110000000000083,37.33210000000101
390,-6.100000000000083,37.21000000000102
391,-6.090000000000083,37.08810000000101
392,-6.080000000000084,36.966400000001016
393,-6.070000000000084,36.84490000000102
394,-6.060000000000084,36.72360000000102
395,-6.050000000000084,36.60250000000102
396,-6.040000000000084,36.481600000001016
397,-6.030000000000085,36.360900000001024
398,-6.020000000000085,36.240400000001024
399,-6.010000000000085,36.120100000001024
400,-6.000000000000085,36.00000000000102
401,-5.9900000000000855,35.88010000000102
402,-5.980000000000086,35.76040000000103
403,-5.970000000000086,35.640900000001025
404,-5.960000000000086,35.52160000000103
405,-5.950000000000086,35.40250000000103
406,-5.9400000000000865,35.28360000000103
407,-5.930000000000087,35.164900000001026
408,-5.920000000000087,35.04640000000103
409,-5.910000000000087,34.92810000000103
410,-5.900000000000087,34.81000000000103
411,-5.890000000000088,34.692100000001034
412,-5.880000000000088,34.574400000001035
413,-5.870000000000088,34.456900000001035
414,-5.860000000000088,34.339600000001035
415,-5.8500000000000885,34.222500000001034
416,-5.840000000000089,34.10560000000103
417,-5.830000000000089,33.98890000000104
418,-5.820000000000089,33.872400000001036
419,-5.810000000000089,33.75610000000104
420,-5.8000000000000895,33.64000000000104
421,-5.79000000000009,33.52410000000104
422,-5.78000000000009,33.40840000000104
423,-5.77000000000009,33.29290000000104
424,-5.76000000000009,33.17760000000104
425,-5.750000000000091,33.062500000001044
426,-5.740000000000091,32.947600000001046
427,-5.730000000000091,32.83290000000104
428,-5.720000000000091,32.71840000000105
429,-5.7100000000000914,32.60410000000105
430,-5.700000000000092,32.49000000000105
431,-5.690000000000092,32.376100000001045
432,-5.680000000000092,32.262400000001044
433,-5.670000000000092,32.14890000000105
434,-5.6600000000000925,32.03560000000105
435,-5.650000000000093,31.922500000001047
436,-5.640000000000093,31.809600000001048
437,-5.630000000000093,31.696900000001047
438,-5.620000000000093,31.58440000000105
439,-5.610000000000094,31.47210000000105
440,-5.600000000000094,31.36000000000105
441,-5.590000000000094,31.248100000001052
442,-5.580000000000094,31.13640000000105
443,-5.570000000000094,31.02490000000105
444,-5.560000000000095,30.913600000001054
445,-5.550000000000095,30.802500000001054
446,-5.540000000000095,30.691600000001053
447,-5.530000000000095,30.580900000001055
448,-5.5200000000000955,30.470400000001053
449,-5.510000000000096,30.360100000001054
450,-5.500000000000096,30.250000000001055
451,-5.490000000000096,30.140100000001055
452,-5.480000000000096,30.030400000001055
453,-5.470000000000097,29.920900000001055
454,-5.460000000000097,29.811600000001057
455,-5.450000000000097,29.702500000001056
456,-5.440000000000097,29.593600000001057
457,-5.430000000000097,29.48490000000106
458,-5.420000000000098,29.37640000000106
459,-5.410000000000098,29.26810000000106
460,-5.400000000000098,29.16000000000106
461,-5.390000000000098,29.052100000001058
462,-5.3800000000000985,28.94440000000106
463,-5.370000000000099,28.83690000000106
464,-5.360000000000099,28.72960000000106
465,-5.350000000000099,28.62250000000106
466,-5.340000000000099,28.51560000000106
467,-5.3300000000000995,28.40890000000106
468,-5.3200000000001,28.30240000000106
469,-5.3100000000001,28.19610000000106
470,-5.3000000000001,28.090000000001062
471,-5.2900000000001,27.984100000001064
472,-5.280000000000101,27.87840000000106
473,-5.270000000000101,27.772900000001062
474,-5.260000000000101,27.667600000001062
475,-5.250000000000101,27.562500000001062
476,-5.2400000000001015,27.45760000000106
477,-5.230000000000102,27.352900000001064
478,-5.220000000000102,27.248400000001062
479,-5.210000000000102,27.144100000001064
480,-5.200000000000102,27.040000000001065
481,-5.1900000000001025,26.936100000001066
482,-5.180000000000103,26.832400000001066
483,-5.170000000000103,26.728900000001065
484,-5.160000000000103,26.625600000001064
485,-5.150000000000103,26.522500000001063
486,-5.140000000000104,26.419600000001065
487,-5.130000000000104,26.316900000001066
488,-5.120000000000104,26.214400000001064
489,-5.110000000000104,26.112100000001064
490,-5.1000000000001044,26.010000000001064
491,-5.090000000000105,25.908100000001067
492,-5.080000000000105,25.806400000001066
493,-5.070000000000105,25.704900000001064
494,-5.060000000000105,25.603600000001066
495,-5.0500000000001055,25.502500000001067
496,-5.040000000000106,25.401600000001064
497,-5.030000000000106,25.300900000001064
498,-5.020000000000106,25.200400000001064
499,-5.010000000000106,25.100100000001067
500,-5.000000000000107,25.000000000001066
501,-4.990000000000107,24.900100000001064
502,-4.980000000000107,24.800400000001066
503,-4.970000000000107,24.700900000001067
504,-4.960000000000107,24.601600000001067
505,-4.950000000000108,24.502500000001067
506,-4.940000000000108,24.403600000001067
507,-4.930000000000108,24.304900000001066
508,-4.920000000000108,24.206400000001064
509,-4.9100000000001085,24.108100000001066
510,-4.900000000000109,24.010000000001064
511,-4.890000000000109,23.912100000001065
512,-4.880000000000109,23.814400000001065
513,-4.870000000000109,23.716900000001065
514,-4.86000000000011,23.619600000001064
515,-4.85000000000011,23.522500000001063
516,-4.84000000000011,23.425600000001065
517,-4.83000000000011,23.328900000001063
518,-4.82000000000011,23.232400000001064
519,-4.810000000000111,23.136100000001065
520,-4.800000000000111,23.040000000001065
521,-4.790000000000111,22.944100000001065
522,-4.780000000000111,22.848400000001064
523,-4.7700000000001115,22.752900000001063
524,-4.760000000000112,22.657600000001064
525,-4.750000000000112,22.562500000001062
526,-4.740000000000112,22.467600000001063
527,-4.730000000000112,22.372900000001064
528,-4.7200000000001125,22.278400000001064
529,-4.710000000000113,22.184100000001063
530,-4.700000000000113,22.090000000001062
531,-4.690000000000113,21.99610000000106
532,-4.680000000000113,21.902400000001062
533,-4.670000000000114,21.80890000000106
534,-4.660000000000114,21.71560000000106
535,-4.650000000000114,21.62250000000106
536,-4.640000000000114,21.52960000000106
537,-4.6300000000001145,21.43690000000106
538,-4.620000000000115,21.34440000000106
539,-4.610000000000115,21.25210000000106
540,-4.600000000000115,21.16000000000106
541,-4.590000000000115,21.06810000000106
542,-4.5800000000001155,20.976400000001057
543,-4.570000000000116,20.884900000001057
544,-4.560000000000116,20.793600000001057
545,-4.550000000000116,20.702500000001056
546,-4.540000000000116,20.611600000001058
547,-4.530000000000117,20.520900000001056
548,-4.520000000000117,20.430400000001057
549,-4.510000000000117,20.340100000001055
550,-4.500000000000117,20.250000000001055
551,-4.4900000000001175,20.160100000001055
552,-4.480000000000118,20.070400000001055
553,-4.470000000000118,19.980900000001053
554,-4.460000000000118,19.891600000001052
555,-4.450000000000118,19.802500000001054
556,-4.4400000000001185,19.71360000000105
557,-4.430000000000119,19.624900000001052
558,-4.420000000000119,19.536400000001052
559,-4.410000000000119,19.44810000000105
560,-4.400000000000119,19.36000000000105
561,-4.39000000000012,19.27210000000105
562,-4.38000000000012,19.184400000001048
563,-4.37000000000012,19.09690000000105
564,-4.36000000000012,19.009600000001047
565,-4.35000000000012,18.922500000001047
566,-4.340000000000121,18.835600000001048
567,-4.330000000000121,18.748900000001047
568,-4.320000000000121,18.662400000001046
569,-4.310000000000121,18.576100000001045
570,-4.3000000000001215,18.490000000001046
571,-4.290000000000122,18.404100000001044
572,-4.280000000000122,18.318400000001045
573,-4.270000000000122,18.23290000000104
574,-4.260000000000122,18.14760000000104
575,-4.250000000000123,18.06250000000104
576,-4.240000000000123,17.97760000000104
577,-4.230000000000123,17.892900000001042
578,-4.220000000000123,17.80840000000104
579,-4.210000000000123,17.72410000000104
580,-4.200000000000124,17.640000000001038
581,-4.190000000000124,17.556100000001038
582,-4.180000000000124,17.472400000001038
583,-4.170000000000124,17.388900000001037
584,-4.1600000000001245,17.305600000001036
585,-4.150000000000125,17.222500000001034
586,-4.140000000000125,17.139600000001035
587,-4.130000000000125,17.056900000001033
588,-4.120000000000125,16.974400000001033
589,-4.1100000000001256,16.892100000001033
590,-4.100000000000126,16.810000000001033
591,-4.090000000000126,16.72810000000103
592,-4.080000000000126,16.64640000000103
593,-4.070000000000126,16.56490000000103
594,-4.060000000000127,16.48360000000103
595,-4.050000000000127,16.402500000001027
596,-4.040000000000127,16.321600000001027
597,-4.030000000000127,16.240900000001027
598,-4.0200000000001275,16.160400000001026
599,-4.010000000000128,16.080100000001025
600,-4.000000000000128,16.000000000001023
601,-3.990000000000128,15.920100000001023
602,-3.9800000000001283,15.840400000001022
603,-3.9700000000001285,15.76090000000102
604,-3.9600000000001288,15.68160000000102
605,-3.950000000000129,15.602500000001019
606,-3.940000000000129,15.523600000001018
607,-3.9300000000001294,15.444900000001017
608,-3.9200000000001296,15.366400000001017
609,-3.91000000000013,15.288100000001014
610,-3.90000000000013,15.210000000001013
611,-3.8900000000001302,15.132100000001014
612,-3.8800000000001305,15.054400000001012
613,-3.8700000000001307,14.976900000001011
614,-3.860000000000131,14.89960000000101
615,-3.850000000000131,14.822500000001009
616,-3.8400000000001313,14.745600000001009
617,-3.8300000000001315,14.668900000001008
618,-3.8200000000001317,14.592400000001007
619,-3.810000000000132,14.516100000001005
620,-3.800000000000132,14.440000000001005
621,-3.7900000000001324,14.364100000001004
622,-3.7800000000001326,14.288400000001003
623,-3.770000000000133,14.212900000001001
624,-3.760000000000133,14.137600000001001
625,-3.7500000000001332,14.062500000001
626,-3.7400000000001334,13.987600000000999
627,-3.7300000000001337,13.912900000000997
628,-3.720000000000134,13.838400000000997
629,-3.710000000000134,13.764100000000996
630,-3.7000000000001343,13.690000000000994
631,-3.6900000000001345,13.616100000000992
632,-3.6800000000001347,13.542400000000992
633,-3.670000000000135,13.46890000000099
634,-3.660000000000135,13.39560000000099
635,-3.6500000000001354,13.322500000000987
636,-3.6400000000001356,13.249600000000987
637,-3.630000000000136,13.176900000000986
638,-3.620000000000136,13.104400000000984
639,-3.610000000000136,13.032100000000984
640,-3.6000000000001364,12.960000000000981
641,-3.5900000000001366,12.88810000000098
642,-3.580000000000137,12.81640000000098
643,-3.570000000000137,12.744900000000978
644,-3.5600000000001373,12.673600000000977
645,-3.5500000000001375,12.602500000000976
646,-3.5400000000001377,12.531600000000974
647,-3.530000000000138,12.460900000000974
648,-3.520000000000138,12.390400000000973
649,-3.5100000000001383,12.320100000000972
650,-3.5000000000001386,12.25000000000097
651,-3.4900000000001388,12.18010000000097
652,-3.480000000000139,12.110400000000967
653,-3.470000000000139,12.040900000000965
654,-3.4600000000001394,11.971600000000965
655,-3.4500000000001396,11.902500000000963
656,-3.44000000000014,11.833600000000962
657,-3.43000000000014,11.76490000000096
658,-3.4200000000001403,11.69640000000096
659,-3.4100000000001405,11.628100000000957
660,-3.4000000000001407,11.560000000000956
661,-3.390000000000141,11.492100000000955
662,-3.380000000000141,11.424400000000954
663,-3.3700000000001413,11.356900000000952
664,-3.3600000000001415,11.28960000000095
665,-3.3500000000001418,11.22250000000095
666,-3.340000000000142,11.155600000000948
667,-3.330000000000142,11.088900000000947
668,-3.3200000000001424,11.022400000000946
669,-3.3100000000001426,10.956100000000944
670,-3.300000000000143,10.890000000000942
671,-3.290000000000143,10.824100000000941
672,-3.2800000000001432,10.75840000000094
673,-3.2700000000001435,10.692900000000938
674,-3.2600000000001437,10.627600000000937
675,-3.250000000000144,10.562500000000936
676,-3.240000000000144,10.497600000000935
677,-3.2300000000001443,10.432900000000933
678,-3.2200000000001445,10.36840000000093
679,-3.2100000000001447,10.304100000000929
680,-3.200000000000145,10.240000000000927
681,-3.190000000000145,10.176100000000925
682,-3.1800000000001454,10.112400000000925
683,-3.1700000000001456,10.048900000000923
684,-3.160000000000146,9.985600000000922
685,-3.150000000000146,9.92250000000092
686,-3.1400000000001462,9.859600000000919
687,-3.1300000000001464,9.796900000000917
688,-3.1200000000001467,9.734400000000916
689,-3.110000000000147,9.672100000000913
690,-3.100000000000147,9.610000000000912
691,-3.0900000000001473,9.548100000000911
692,-3.0800000000001475,9.48640000000091
693,-3.0700000000001477,9.424900000000907
694,-3.060000000000148,9.363600000000906
695,-3.050000000000148,9.302500000000904
696,-3.0400000000001484,9.241600000000902
697,-3.0300000000001486,9.1809000000009
698,-3.020000000000149,9.120400000000899
699,-3.010000000000149,9.060100000000897
700,-3.000000000000149,9.000000000000895
701,-2.9900000000001494,8.940100000000893
702,-2.9800000000001496,8.880400000000892
703,-2.97000000000015,8.82090000000089
704,-2.96000000000015,8.761600000000888
705,-2.9500000000001503,8.702500000000887
706,-2.9400000000001505,8.643600000000886
707,-2.9300000000001507,8.584900000000884
708,-2.920000000000151,8.526400000000882
709,-2.910000000000151,8.468100000000879
710,-2.9000000000001513,8.410000000000878
711,-2.8900000000001516,8.352100000000876
712,-2.8800000000001518,8.294400000000874
713,-2.870000000000152,8.236900000000873
714,-2.860000000000152,8.179600000000871
715,-2.8500000000001524,8.12250000000087
716,-2.8400000000001526,8.065600000000867
717,-2.830000000000153,8.008900000000866
718,-2.820000000000153,7.952400000000863
719,-2.8100000000001533,7.896100000000861
720,-2.8000000000001535,7.84000000000086
721,-2.7900000000001537,7.7841000000008576
722,-2.780000000000154,7.728400000000856
723,-2.770000000000154,7.672900000000854
724,-2.7600000000001543,7.617600000000852
725,-2.7500000000001545,7.56250000000085
726,-2.7400000000001548,7.507600000000848
727,-2.730000000000155,7.452900000000846
728,-2.720000000000155,7.398400000000844
729,-2.7100000000001554,7.344100000000842
730,-2.7000000000001556,7.29000000000084
731,-2.690000000000156,7.236100000000838
732,-2.680000000000156,7.182400000000836
733,-2.6700000000001562,7.128900000000835
734,-2.6600000000001565,7.075600000000833
735,-2.6500000000001567,7.02250000000083
736,-2.640000000000157,6.9696000000008285
737,-2.630000000000157,6.916900000000826
738,-2.6200000000001573,6.864400000000824
739,-2.6100000000001575,6.8121000000008225
740,-2.6000000000001577,6.7600000000008205
741,-2.590000000000158,6.708100000000818
742,-2.580000000000158,6.656400000000816
743,-2.5700000000001584,6.604900000000814
744,-2.5600000000001586,6.553600000000812
745,-2.550000000000159,6.5025000000008095
746,-2.540000000000159,6.451600000000808
747,-2.5300000000001592,6.400900000000806
748,-2.5200000000001594,6.350400000000803
749,-2.5100000000001597,6.300100000000802
750,-2.50000000000016,6.250000000000799
751,-2.49000000000016,6.2001000000007975
752,-2.4800000000001603,6.150400000000795
753,-2.4700000000001605,6.100900000000793
754,-2.4600000000001607,6.051600000000791
755,-2.450000000000161,6.002500000000788
756,-2.440000000000161,5.953600000000787
757,-2.4300000000001614,5.904900000000784
758,-2.4200000000001616,5.856400000000782
759,-2.410000000000162,5.808100000000779
760,-2.400000000000162,5.760000000000778
761,-2.390000000000162,5.712100000000776
762,-2.3800000000001624,5.664400000000773
763,-2.3700000000001626,5.616900000000771
764,-2.360000000000163,5.569600000000769
765,-2.350000000000163,5.5225000000007665
766,-2.3400000000001633,5.475600000000764
767,-2.3300000000001635,5.428900000000762
768,-2.3200000000001637,5.38240000000076
769,-2.310000000000164,5.336100000000758
770,-2.300000000000164,5.290000000000755
771,-2.2900000000001643,5.244100000000753
772,-2.2800000000001646,5.19840000000075
773,-2.2700000000001648,5.152900000000748
774,-2.260000000000165,5.107600000000746
775,-2.250000000000165,5.062500000000743
776,-2.2400000000001654,5.0176000000007415
777,-2.2300000000001656,4.972900000000739
778,-2.220000000000166,4.928400000000736
779,-2.210000000000166,4.884100000000734
780,-2.2000000000001663,4.840000000000732
781,-2.1900000000001665,4.796100000000729
782,-2.1800000000001667,4.752400000000727
783,-2.170000000000167,4.708900000000725
784,-2.160000000000167,4.665600000000722
785,-2.1500000000001673,4.62250000000072
786,-2.1400000000001675,4.579600000000717
787,-2.1300000000001678,4.536900000000714
788,-2.120000000000168,4.494400000000712
789,-2.110000000000168,4.452100000000709
790,-2.1000000000001684,4.410000000000707
791,-2.0900000000001686,4.368100000000704
792,-2.080000000000169,4.326400000000702
793,-2.070000000000169,4.2849000000007
794,-2.0600000000001693,4.243600000000697
795,-2.0500000000001695,4.202500000000695
796,-2.0400000000001697,4.161600000000692
797,-2.03000000000017,4.12090000000069
798,-2.02000000000017,4.0804000000006875
799,-2.0100000000001703,4.040100000000685
800,-2.0000000000001705,4.000000000000682
801,-1.9900000000001707,3.9601000000006796
802,-1.980000000000171,3.920400000000677
803,-1.9700000000001712,3.8809000000006746
804,-1.9600000000001714,3.841600000000672
805,-1.9500000000001716,3.802500000000669
806,-1.9400000000001718,3.7636000000006664
807,-1.930000000000172,3.724900000000664
808,-1.9200000000001722,3.6864000000006616
809,-1.9100000000001724,3.648100000000659
810,-1.9000000000001727,3.6100000000006562
811,-1.8900000000001729,3.5721000000006535
812,-1.880000000000173,3.534400000000651
813,-1.8700000000001733,3.496900000000648
814,-1.8600000000001735,3.4596000000006453
815,-1.8500000000001737,3.422500000000643
816,-1.840000000000174,3.38560000000064
817,-1.8300000000001742,3.3489000000006373
818,-1.8200000000001744,3.312400000000635
819,-1.8100000000001746,3.276100000000632
820,-1.8000000000001748,3.240000000000629
821,-1.790000000000175,3.2041000000006266
822,-1.7800000000001752,3.1684000000006236
823,-1.7700000000001754,3.132900000000621
824,-1.7600000000001756,3.097600000000618
825,-1.7500000000001759,3.0625000000006155
826,-1.740000000000176,3.027600000000613
827,-1.7300000000001763,2.99290000000061
828,-1.7200000000001765,2.958400000000607
829,-1.7100000000001767,2.9241000000006045
830,-1.700000000000177,2.8900000000006014
831,-1.6900000000001771,2.8561000000005987
832,-1.6800000000001774,2.822400000000596
833,-1.6700000000001776,2.7889000000005932
834,-1.6600000000001778,2.75560000000059
835,-1.650000000000178,2.7225000000005872
836,-1.6400000000001782,2.6896000000005844
837,-1.6300000000001784,2.6569000000005816
838,-1.6200000000001786,2.6244000000005787
839,-1.6100000000001788,2.592100000000576
840,-1.600000000000179,2.560000000000573
841,-1.5900000000001793,2.52810000000057
842,-1.5800000000001795,2.496400000000567
843,-1.5700000000001797,2.464900000000564
844,-1.56000000000018,2.4336000000005615
845,-1.5500000000001801,2.4025000000005585
846,-1.5400000000001803,2.3716000000005555
847,-1.5300000000001805,2.3409000000005524
848,-1.5200000000001808,2.3104000000005493
849,-1.510000000000181,2.2801000000005467
850,-1.5000000000001812,2.2500000000005436
851,-1.4900000000001814,2.2201000000005404
852,-1.4800000000001816,2.1904000000005377
853,-1.4700000000001818,2.1609000000005345
854,-1.460000000000182,2.1316000000005317
855,-1.4500000000001823,2.1025000000005285
856,-1.4400000000001825,2.0736000000005257
857,-1.4300000000001827,2.0449000000005224
858,-1.420000000000183,2.0164000000005196
859,-1.410000000000183,1.9881000000005165
860,-1.4000000000001833,1.9600000000005133
861,-1.3900000000001835,1.9321000000005102
862,-1.3800000000001837,1.9044000000005072
863,-1.370000000000184,1.876900000000504
864,-1.3600000000001842,1.8496000000005008
865,-1.3500000000001844,1.8225000000004978
866,-1.3400000000001846,1.7956000000004948
867,-1.3300000000001848,1.7689000000004915
868,-1.320000000000185,1.7424000000004884
869,-1.3100000000001852,1.7161000000004853
870,-1.3000000000001855,1.6900000000004822
871,-1.2900000000001857,1.664100000000479
872,-1.2800000000001859,1.638400000000476
873,-1.270000000000186,1.6129000000004727
874,-1.2600000000001863,1.5876000000004695
875,-1.2500000000001865,1.5625000000004663
876,-1.2400000000001867,1.537600000000463
877,-1.230000000000187,1.51290000000046
878,-1.2200000000001872,1.4884000000004567
879,-1.2100000000001874,1.4641000000004534
880,-1.2000000000001876,1.4400000000004503
881,-1.1900000000001878,1.416100000000447
882,-1.180000000000188,1.3924000000004437
883,-1.1700000000001882,1.3689000000004405
884,-1.1600000000001884,1.3456000000004371
885,-1.1500000000001886,1.3225000000004339
886,-1.1400000000001889,1.2996000000004306
887,-1.130000000000189,1.2769000000004274
888,-1.1200000000001893,1.254400000000424
889,-1.1100000000001895,1.2321000000004207
890,-1.1000000000001897,1.2100000000004174
891,-1.09000000000019,1.188100000000414
892,-1.0800000000001901,1.1664000000004107
893,-1.0700000000001904,1.1449000000004073
894,-1.0600000000001906,1.123600000000404
895,-1.0500000000001908,1.1025000000004006
896,-1.040000000000191,1.0816000000003974
897,-1.0300000000001912,1.0609000000003939
898,-1.0200000000001914,1.0404000000003906
899,-1.0100000000001916,1.020100000000387
900,-1.0000000000001918,1.0000000000003837
901,-0.9900000000001921,0.9801000000003803
902,-0.9800000000001923,0.9604000000003768
903,-0.9700000000001925,0.9409000000003734
904,-0.9600000000001927,0.92160000000037
905,-0.9500000000001929,0.9025000000003666
906,-0.9400000000001931,0.8836000000003631
907,-0.9300000000001933,0.8649000000003596
908,-0.9200000000001936,0.8464000000003561
909,-0.9100000000001938,0.8281000000003527
910,-0.900000000000194,0.8100000000003491
911,-0.8900000000001942,0.7921000000003456
912,-0.8800000000001944,0.7744000000003421
913,-0.8700000000001946,0.7569000000003386
914,-0.8600000000001948,0.7396000000003351
915,-0.850000000000195,0.7225000000003315
916,-0.8400000000001953,0.7056000000003281
917,-0.8300000000001955,0.6889000000003245
918,-0.8200000000001957,0.672400000000321
919,-0.8100000000001959,0.6561000000003173
920,-0.8000000000001961,0.6400000000003138
921,-0.7900000000001963,0.6241000000003102
922,-0.7800000000001965,0.6084000000003066
923,-0.7700000000001967,0.592900000000303
924,-0.760000000000197,0.5776000000002994
925,-0.7500000000001972,0.5625000000002958
926,-0.7400000000001974,0.5476000000002922
927,-0.7300000000001976,0.5329000000002885
928,-0.7200000000001978,0.5184000000002849
929,-0.710000000000198,0.5041000000002812
930,-0.7000000000001982,0.49000000000027755
931,-0.6900000000001985,0.47610000000027386
932,-0.6800000000001987,0.4624000000002702
933,-0.6700000000001989,0.4489000000002665
934,-0.6600000000001991,0.4356000000002628
935,-0.6500000000001993,0.4225000000002591
936,-0.6400000000001995,0.40960000000025537
937,-0.6300000000001997,0.39690000000025166
938,-0.6200000000002,0.38440000000024793
939,-0.6100000000002002,0.3721000000002442
940,-0.6000000000002004,0.36000000000024046
941,-0.5900000000002006,0.34810000000023666
942,-0.5800000000002008,0.3364000000002329
943,-0.570000000000201,0.32490000000022917
944,-0.5600000000002012,0.31360000000022537
945,-0.5500000000002014,0.3025000000002216
946,-0.5400000000002017,0.2916000000002178
947,-0.5300000000002019,0.280900000000214
948,-0.5200000000002021,0.27040000000021014
949,-0.5100000000002023,0.26010000000020633
950,-0.5000000000002025,0.2500000000002025
951,-0.4900000000002027,0.24010000000019865
952,-0.48000000000020293,0.2304000000001948
953,-0.47000000000020314,0.22090000000019094
954,-0.46000000000020336,0.21160000000018708
955,-0.45000000000020357,0.2025000000001832
956,-0.4400000000002038,0.19360000000017932
957,-0.430000000000204,0.18490000000017542
958,-0.4200000000002042,0.17640000000017153
959,-0.4100000000002044,0.16810000000016762
960,-0.40000000000020464,0.1600000000001637
961,-0.39000000000020485,0.15210000000015977
962,-0.38000000000020506,0.14440000000015585
963,-0.3700000000002053,0.1369000000001519
964,-0.3600000000002055,0.12960000000014796
965,-0.3500000000002057,0.122500000000144
966,-0.3400000000002059,0.11560000000014002
967,-0.33000000000020613,0.10890000000013604
968,-0.32000000000020634,0.10240000000013205
969,-0.31000000000020655,0.09610000000012807
970,-0.30000000000020677,0.09000000000012406
971,-0.290000000000207,0.08410000000012005
972,-0.2800000000002072,0.07840000000011603
973,-0.2700000000002074,0.072900000000112
974,-0.2600000000002076,0.06760000000010796
975,-0.25000000000020783,0.06250000000010392
976,-0.24000000000020805,0.05760000000009986
977,-0.23000000000020826,0.0529000000000958
978,-0.22000000000020847,0.04840000000009173
979,-0.2100000000002087,0.044100000000087645
980,-0.2000000000002089,0.04000000000008356
981,-0.1900000000002091,0.036100000000079464
982,-0.18000000000020933,0.032400000000075355
983,-0.17000000000020954,0.028900000000071244
984,-0.16000000000020975,0.02560000000006712
985,-0.15000000000020997,0.02250000000006299
986,-0.14000000000021018,0.01960000000005885
987,-0.1300000000002104,0.0169000000000547
988,-0.1200000000002106,0.014400000000050546
989,-0.11000000000021082,0.01210000000004638
990,-0.10000000000021103,0.010000000000042206
991,-0.09000000000021124,0.008100000000038025
992,-0.08000000000021146,0.0064000000000338335
993,-0.07000000000021167,0.004900000000029634
994,-0.060000000000211884,0.003600000000025426
995,-0.0500000000002121,0.0025000000000212096
996,-0.04000000000021231,0.0016000000000169848
997,-0.030000000000212523,0.0009000000000127514
998,-0.020000000000212736,0.00040000000000850943
999,-0.01000000000021295,0.000100000000004259
1000,-2.1316282072803006e-13,4.543838814073028e-26
1001,0.009999999999786624,9.999999999573248e-05
1002,0.01999999999978641,0.00039999999999145645
1003,0.029999999999786198,0.0008999999999871719
1004,0.039999999999785985,0.0015999999999828788
1005,0.04999999999978577,0.002499999999978577
1006,0.05999999999978556,0.003599999999974267
1007,0.06999999999978535,0.004899999999969948
1008,0.07999999999978513,0.006399999999965621
1009,0.08999999999978492,0.008099999999961286
1010,0.0999999999997847,0.009999999999956941
1011,0.10999999999978449,0.012099999999952588
1012,0.11999999999978428,0.014399999999948227
1013,0.12999999999978407,0.016899999999943856
1014,0.13999999999978385,0.01959999999993948
1015,0.14999999999978364,0.022499999999935093
1016,0.15999999999978343,0.025599999999930696
1017,0.1699999999997832,0.028899999999926294
1018,0.179999999999783,0.03239999999992188
1019,0.1899999999997828,0.03609999999991746
1020,0.19999999999978257,0.03999999999991303
1021,0.20999999999978236,0.044099999999908594
1022,0.21999999999978215,0.048399999999904145
1023,0.22999999999978193,0.05289999999989969
1024,0.23999999999978172,0.05759999999989523
1025,0.2499999999997815,0.062499999999890754
1026,0.2599999999997813,0.06759999999988628
1027,0.2699999999997811,0.07289999999988178
1028,0.27999999999978087,0.07839999999987729
1029,0.28999999999978066,0.08409999999987278
1030,0.29999999999978044,0.08999999999986827
1031,0.30999999999978023,0.09609999999986374
1032,0.31999999999978,0.10239999999985921
1033,0.3299999999997798,0.10889999999985467
1034,0.3399999999997796,0.11559999999985011
1035,0.3499999999997794,0.12249999999984557
1036,0.35999999999977916,0.129599999999841
1037,0.36999999999977895,0.13689999999983643
1038,0.37999999999977874,0.14439999999983183
1039,0.3899999999997785,0.15209999999982726
1040,0.3999999999997783,0.15999999999982265
1041,0.4099999999997781,0.16809999999981803
1042,0.4199999999997779,0.17639999999981343
1043,0.42999999999977767,0.1848999999998088
1044,0.43999999999977746,0.19359999999980415
1045,0.44999999999977724,0.2024999999997995
1046,0.45999999999977703,0.21159999999979487
1047,0.4699999999997768,0.2208999999997902
1048,0.4799999999997766,0.23039999999978555
1049,0.4899999999997764,0.24009999999978088
1050,0.4999999999997762,0.24999999999977618
1051,0.509999999999776,0.26009999999977146
1052,0.5199999999997758,0.27039999999976677
1053,0.5299999999997755,0.28089999999976206
1054,0.5399999999997753,0.29159999999975733
1055,0.5499999999997751,0.30249999999975263
1056,0.5599999999997749,0.3135999999997479
1057,0.5699999999997747,0.3248999999997431
1058,0.5799999999997745,0.3363999999997384
1059,0.5899999999997743,0.3480999999997336
1060,0.599999999999774,0.35999999999972887
1061,0.6099999999997738,0.3720999999997241
1062,0.6199999999997736,0.3843999999997193
1063,0.6299999999997734,0.3968999999997145
1064,0.6399999999997732,0.4095999999997097
1065,0.649999999999773,0.4224999999997049
1066,0.6599999999997728,0.43559999999970006
1067,0.6699999999997726,0.4488999999996952
1068,0.6799999999997723,0.4623999999996904
1069,0.6899999999997721,0.47609999999968555
1070,0.6999999999997719,0.4899999999996807
1071,0.7099999999997717,0.5040999999996758
1072,0.7199999999997715,0.5183999999996709
1073,0.7299999999997713,0.5328999999996661
1074,0.7399999999997711,0.5475999999996611
1075,0.7499999999997708,0.5624999999996563
1076,0.7599999999997706,0.5775999999996514
1077,0.7699999999997704,0.5928999999996465
1078,0.7799999999997702,0.6083999999996416
1079,0.78999999999977,0.6240999999996366
1080,0.7999999999997698,0.6399999999996316
1081,0.8099999999997696,0.6560999999996268
1082,0.8199999999997694,0.6723999999996217
1083,0.8299999999997691,0.6888999999996168
1084,0.8399999999997689,0.7055999999996118
1085,0.8499999999997687,0.7224999999996068
1086,0.8599999999997685,0.7395999999996018
1087,0.8699999999997683,0.7568999999995968
1088,0.8799999999997681,0.7743999999995919
1089,0.8899999999997679,0.7920999999995868
1090,0.8999999999997677,0.8099999999995817
1091,0.9099999999997674,0.8280999999995767
1092,0.9199999999997672,0.8463999999995717
1093,0.929999999999767,0.8648999999995667
1094,0.9399999999997668,0.8835999999995616
1095,0.9499999999997666,0.9024999999995565
1096,0.9599999999997664,0.9215999999995514
1097,0.9699999999997662,0.9408999999995463
1098,0.979999999999766,0.9603999999995413
1099,0.9899999999997657,0.9800999999995361
1100,0.9999999999997655,0.999999999999531
1101,1.0099999999997653,1.020099999999526
1102,1.019999999999765,1.0403999999995208
1103,1.0299999999997649,1.0608999999995157
1104,1.0399999999997647,1.0815999999995105
1105,1.0499999999997645,1.1024999999995053
1106,1.0599999999997642,1.1235999999995
1107,1.069999999999764,1.144899999999495
1108,1.0799999999997638,1.1663999999994898
1109,1.0899999999997636,1.1880999999994846
1110,1.0999999999997634,1.2099999999994795
1111,1.1099999999997632,1.2320999999994742
1112,1.119999999999763,1.254399999999469
1113,1.1299999999997627,1.276899999999464
1114,1.1399999999997625,1.2995999999994585
1115,1.1499999999997623,1.3224999999994533
1116,1.159999999999762,1.3455999999994481
1117,1.169999999999762,1.368899999999443
1118,1.1799999999997617,1.3923999999994376
1119,1.1899999999997615,1.4160999999994324
1120,1.1999999999997613,1.439999999999427
1121,1.209999999999761,1.4640999999994218
1122,1.2199999999997608,1.4883999999994164
1123,1.2299999999997606,1.512899999999411
1124,1.2399999999997604,1.5375999999994059
1125,1.2499999999997602,1.5624999999994005
1126,1.25999999999976,1.587599999999395
1127,1.2699999999997598,1.6128999999993898
1128,1.2799999999997596,1.6383999999993843
1129,1.2899999999997593,1.664099999999379
1130,1.2999999999997591,1.6899999999993738
1131,1.309999999999759,1.7160999999993682
1132,1.3199999999997587,1.742399999999363
1133,1.3299999999997585,1.7688999999993575
1134,1.3399999999997583,1.7955999999993522
1135,1.349999999999758,1.8224999999993468
1136,1.3599999999997578,1.8495999999993413
1137,1.3699999999997576,1.8768999999993359
1138,1.3799999999997574,1.9043999999993304
1139,1.3899999999997572,1.9320999999993251
1140,1.399999999999757,1.9599999999993196
1141,1.4099999999997568,1.988099999999314
1142,1.4199999999997566,2.0163999999993085
1143,1.4299999999997564,2.0448999999993034
1144,1.4399999999997561,2.073599999999298
1145,1.449999999999756,2.102499999999292
1146,1.4599999999997557,2.1315999999992865
1147,1.4699999999997555,2.1608999999992813
1148,1.4799999999997553,2.1903999999992756
1149,1.489999999999755,2.2200999999992703
1150,1.4999999999997549,2.2499999999992646
1151,1.5099999999997546,2.280099999999259
1152,1.5199999999997544,2.3103999999992535
1153,1.5299999999997542,2.340899999999248
1154,1.539999999999754,2.3715999999992423
1155,1.5499999999997538,2.402499999999237
1156,1.5599999999997536,2.433599999999231
1157,1.5699999999997534,2.4648999999992256
1158,1.5799999999997532,2.49639999999922
1159,1.589999999999753,2.528099999999214
1160,1.5999999999997527,2.5599999999992087
1161,1.6099999999997525,2.592099999999203
1162,1.6199999999997523,2.6243999999991976
1163,1.629999999999752,2.656899999999192
1164,1.6399999999997519,2.689599999999186
1165,1.6499999999997517,2.7224999999991804
1166,1.6599999999997515,2.7555999999991747
1167,1.6699999999997512,2.788899999999169
1168,1.679999999999751,2.8223999999991634
1169,1.6899999999997508,2.8560999999991576
1170,1.6999999999997506,2.889999999999152
1171,1.7099999999997504,2.924099999999146
1172,1.7199999999997502,2.9583999999991404
1173,1.72999999999975,2.992899999999135
1174,1.7399999999997497,3.027599999999129
1175,1.7499999999997495,3.0624999999991234
1176,1.7599999999997493,3.0975999999991175
1177,1.769999999999749,3.132899999999112
1178,1.779999999999749,3.168399999999106
1179,1.7899999999997487,3.2040999999991002
1180,1.7999999999997485,3.2399999999990943
1181,1.8099999999997483,3.2760999999990887
1182,1.819999999999748,3.3123999999990827
1183,1.8299999999997478,3.348899999999077
1184,1.8399999999997476,3.385599999999071
1185,1.8499999999997474,3.4224999999990655
1186,1.8599999999997472,3.4595999999990594
1187,1.869999999999747,3.4968999999990538
1188,1.8799999999997468,3.5343999999990476
1189,1.8899999999997465,3.572099999999042
1190,1.8999999999997463,3.609999999999036
1191,1.9099999999997461,3.64809999999903
1192,1.919999999999746,3.6863999999990242
1193,1.9299999999997457,3.7248999999990184
1194,1.9399999999997455,3.7635999999990126
1195,1.9499999999997453,3.8024999999990063
1196,1.959999999999745,3.8415999999990005
1197,1.9699999999997448,3.8808999999989946
1198,1.9799999999997446,3.9203999999989887
1199,1.9899999999997444,3.9600999999989828
1200,1.9999999999997442,3.999999999998977
1201,2.009999999999744,4.04009999999897
1202,2.019999999999744,4.080399999998965
1203,2.0299999999997436,4.120899999998959
1204,2.0399999999997434,4.161599999998953
1205,2.049999999999743,4.202499999998947
1206,2.059999999999743,4.243599999998941
1207,2.0699999999997427,4.284899999998935
1208,2.0799999999997425,4.326399999998928
1209,2.0899999999997423,4.368099999998923
1210,2.099999999999742,4.409999999998917
1211,2.109999999999742,4.452099999998911
1212,2.1199999999997416,4.494399999998905
1213,2.1299999999997414,4.536899999998899
1214,2.139999999999741,4.579599999998893
1215,2.149999999999741,4.622499999998887
1216,2.159999999999741,4.66559999999888
1217,2.1699999999997406,4.7088999999988745
1218,2.1799999999997404,4.752399999998868
1219,2.18999999999974,4.796099999998862
1220,2.19999999999974,4.839999999998856
1221,2.2099999999997397,4.88409999999885
1222,2.2199999999997395,4.9283999999988435
1223,2.2299999999997393,4.9728999999988375
1224,2.239999999999739,5.017599999998831
1225,2.249999999999739,5.062499999998825
1226,2.2599999999997387,5.107599999998818
1227,2.2699999999997384,5.152899999998812
1228,2.2799999999997382,5.198399999998807
1229,2.289999999999738,5.2440999999988005
1230,2.299999999999738,5.289999999998794
1231,2.3099999999997376,5.336099999998788
1232,2.3199999999997374,5.382399999998781
1233,2.329999999999737,5.428899999998775
1234,2.339999999999737,5.475599999998769
1235,2.3499999999997367,5.522499999998763
1236,2.3599999999997365,5.569599999998756
1237,2.3699999999997363,5.616899999998751
1238,2.379999999999736,5.664399999998744
1239,2.389999999999736,5.712099999998737
1240,2.3999999999997357,5.7599999999987315
1241,2.4099999999997355,5.808099999998725
1242,2.4199999999997353,5.856399999998718
1243,2.429999999999735,5.904899999998713
1244,2.439999999999735,5.953599999998706
1245,2.4499999999997346,6.002499999998699
1246,2.4599999999997344,6.051599999998693
1247,2.469999999999734,6.100899999998687
1248,2.479999999999734,6.1503999999986805
1249,2.4899999999997338,6.200099999998674
1250,2.4999999999997335,6.249999999998668
1251,2.5099999999997333,6.300099999998661
1252,2.519999999999733,6.350399999998655
1253,2.529999999999733,6.400899999998648
1254,2.5399999999997327,6.451599999998642
1255,2.5499999999997325,6.502499999998635
1256,2.5599999999997323,6.553599999998629
1257,2.569999999999732,6.604899999998623
1258,2.579999999999732,6.656399999998616
1259,2.5899999999997316,6.70809999999861
1260,2.5999999999997314,6.759999999998604
1261,2.609999999999731,6.812099999998597
1262,2.619999999999731,6.86439999999859
1263,2.6299999999997308,6.916899999998584
1264,2.6399999999997306,6.969599999998577
1265,2.6499999999997303,7.022499999998571
1266,2.65999999999973,7.075599999998564
1267,2.66999999999973,7.128899999998557
1268,2.6799999999997297,7.182399999998551
1269,2.6899999999997295,7.236099999998545
1270,2.6999999999997293,7.289999999998538
1271,2.709999999999729,7.344099999998532
1272,2.719999999999729,7.398399999998525
1273,2.7299999999997286,7.452899999998518
1274,2.7399999999997284,7.5075999999985115
1275,2.749999999999728,7.562499999998505
1276,2.759999999999728,7.6175999999984985
1277,2.769999999999728,7.672899999998492
1278,2.7799999999997276,7.728399999998485
1279,2.7899999999997274,7.784099999998479
1280,2.799999999999727,7.839999999998472
1281,2.809999999999727,7.896099999998466
1282,2.8199999999997267,7.952399999998459
1283,2.8299999999997265,8.008899999998452
1284,2.8399999999997263,8.065599999998446
1285,2.849999999999726,8.122499999998439
1286,2.859999999999726,8.179599999998432
1287,2.8699999999997257,8.236899999998425
1288,2.8799999999997254,8.294399999998419
1289,2.8899999999997252,8.352099999998412
1290,2.899999999999725,8.409999999998405
1291,2.909999999999725,8.4680999999984
1292,2.9199999999997246,8.526399999998391
1293,2.9299999999997244,8.584899999998385
1294,2.939999999999724,8.643599999998377
1295,2.949999999999724,8.702499999998372
1296,2.9599999999997237,8.761599999998365
1297,2.9699999999997235,8.820899999998359
1298,2.9799999999997233,8.880399999998351
1299,2.989999999999723,8.940099999998344
1300,2.999999999999723,8.999999999998337
1301,3.0099999999997227,9.06009999999833
1302,3.0199999999997225,9.120399999998323
1303,3.0299999999997222,9.180899999998317
1304,3.039999999999722,9.24159999999831
1305,3.049999999999722,9.302499999998304
1306,3.0599999999997216,9.363599999998296
1307,3.0699999999997214,9.424899999998289
1308,3.079999999999721,9.486399999998282
1309,3.089999999999721,9.548099999998275
1310,3.0999999999997208,9.60999999999827
1311,3.1099999999997205,9.672099999998261
1312,3.1199999999997203,9.734399999998255
1313,3.12999999999972,9.796899999998248
1314,3.13999999999972,9.859599999998242
1315,3.1499999999997197,9.922499999998234
1316,3.1599999999997195,9.985599999998227
1317,3.1699999999997193,10.04889999999822
1318,3.179999999999719,10.112399999998214
1319,3.189999999999719,10.176099999998206
1320,3.1999999999997186,10.239999999998199
1321,3.2099999999997184,10.304099999998192
1322,3.219999999999718,10.368399999998186
1323,3.229999999999718,10.432899999998178
1324,3.2399999999997178,10.49759999999817
1325,3.2499999999997176,10.562499999998165
1326,3.2599999999997173,10.627599999998157
1327,3.269999999999717,10.69289999999815
1328,3.279999999999717,10.758399999998144
1329,3.2899999999997167,10.824099999998136
1330,3.2999999999997165,10.889999999998128
1331,3.3099999999997163,10.956099999998122
1332,3.319999999999716,11.022399999998115
1333,3.329999999999716,11.088899999998107
1334,3.3399999999997156,11.1555999999981
1335,3.3499999999997154,11.222499999998094
1336,3.359999999999715,11.289599999998087
1337,3.369999999999715,11.35689999999808
1338,3.379999999999715,11.424399999998071
1339,3.3899999999997146,11.492099999998064
1340,3.3999999999997144,11.559999999998057
1341,3.409999999999714,11.628099999998051
1342,3.419999999999714,11.696399999998043
1343,3.4299999999997137,11.764899999998036
1344,3.4399999999997135,11.833599999998029
1345,3.4499999999997133,11.902499999998021
1346,3.459999999999713,11.971599999998014
1347,3.469999999999713,12.040899999998008
1348,3.4799999999997127,12.110399999998
1349,3.4899999999997124,12.180099999997992
1350,3.4999999999997122,12.249999999997986
1351,3.509999999999712,12.320099999997979
1352,3.519999999999712,12.390399999997971
1353,3.5299999999997116,12.460899999997963
1354,3.5399999999997114,12.531599999997956
1355,3.549999999999711,12.60249999999795
1356,3.559999999999711,12.673599999997942
1357,3.5699999999997107,12.744899999997935
1358,3.5799999999997105,12.816399999997927
1359,3.5899999999997103,12.88809999999792
1360,3.59999999999971,12.959999999997912
1361,3.60999999999971,13.032099999997905
1362,3.6199999999997097,13.104399999997899
1363,3.6299999999997095,13.176899999997891
1364,3.6399999999997092,13.249599999997884
1365,3.649999999999709,13.322499999997875
1366,3.659999999999709,13.395599999997868
1367,3.6699999999997086,13.468899999997861
1368,3.6799999999997084,13.542399999997853
1369,3.689999999999708,13.616099999997846
1370,3.699999999999708,13.68999999999784
1371,3.7099999999997078,13.764099999997832
1372,3.7199999999997075,13.838399999997824
1373,3.7299999999997073,13.912899999997817
1374,3.739999999999707,13.987599999997808
1375,3.749999999999707,14.062499999997803
1376,3.7599999999997067,14.137599999997795
1377,3.7699999999997065,14.212899999997786
1378,3.7799999999997063,14.288399999997779
1379,3.789999999999706,14.364099999997771
1380,3.799999999999706,14.439999999997765
1381,3.8099999999997056,14.516099999997756
1382,3.8199999999997054,14.592399999997749
1383,3.829999999999705,14.668899999997741
1384,3.839999999999705,14.745599999997735
1385,3.8499999999997048,14.822499999997726
1386,3.8599999999997046,14.899599999997719
1387,3.8699999999997043,14.97689999999771
1388,3.879999999999704,15.054399999997704
1389,3.889999999999704,15.132099999997697
1390,3.8999999999997037,15.209999999997688
1391,3.9099999999997035,15.288099999997682
1392,3.9199999999997033,15.366399999997673
1393,3.929999999999703,15.444899999997666
1394,3.939999999999703,15.523599999997659
1395,3.9499999999997026,15.60249999999765
1396,3.9599999999997024,15.681599999997644
1397,3.969999999999702,15.760899999997635
1398,3.979999999999702,15.840399999997627
1399,3.989999999999702,15.92009999999762
1400,3.9999999999997016,15.999999999997613
1401,4.009999999999701,16.080099999997604
1402,4.019999999999701,16.160399999997598
1403,4.029999999999701,16.24089999999759
1404,4.039999999999701,16.32159999999758
1405,4.0499999999997005,16.402499999997573
1406,4.0599999999997,16.483599999997566
1407,4.0699999999997,16.564899999997557
1408,4.0799999999997,16.646399999997552
1409,4.0899999999997,16.728099999997543
1410,4.099999999999699,16.809999999997537
1411,4.109999999999699,16.892099999997527
1412,4.119999999999699,16.97439999999752
1413,4.129999999999699,17.056899999997512
1414,4.139999999999699,17.139599999997504
1415,4.149999999999698,17.222499999997495
1416,4.159999999999698,17.30559999999749
1417,4.169999999999698,17.38889999999748
1418,4.179999999999698,17.472399999997474
1419,4.1899999999996975,17.556099999997464
1420,4.199999999999697,17.639999999997457
1421,4.209999999999697,17.72409999999745
1422,4.219999999999697,17.80839999999744
1423,4.229999999999697,17.892899999997432
1424,4.2399999999996965,17.977599999997427
1425,4.249999999999696,18.062499999997417
1426,4.259999999999696,18.14759999999741
1427,4.269999999999696,18.232899999997404
1428,4.279999999999696,18.318399999997393
1429,4.289999999999695,18.404099999997385
1430,4.299999999999695,18.48999999999738
1431,4.309999999999695,18.57609999999737
1432,4.319999999999695,18.662399999997362
1433,4.3299999999996945,18.748899999997356
1434,4.339999999999694,18.835599999997346
1435,4.349999999999694,18.92249999999734
1436,4.359999999999694,19.00959999999733
1437,4.369999999999694,19.096899999997323
1438,4.3799999999996935,19.184399999997314
1439,4.389999999999693,19.272099999997305
1440,4.399999999999693,19.3599999999973
1441,4.409999999999693,19.44809999999729
1442,4.419999999999693,19.536399999997283
1443,4.429999999999692,19.624899999997275
1444,4.439999999999692,19.713599999997268
1445,4.449999999999692,19.80249999999726
1446,4.459999999999692,19.89159999999725
1447,4.4699999999996916,19.98089999999724
1448,4.479999999999691,20.070399999997235
1449,4.489999999999691,20.160099999997225
1450,4.499999999999691,20.24999999999722
1451,4.509999999999691,20.34009999999721
1452,4.5199999999996905,20.430399999997203
1453,4.52999999999969,20.520899999997194
1454,4.53999999999969,20.611599999997186
1455,4.54999999999969,20.702499999997176
1456,4.55999999999969,20.79359999999717
1457,4.569999999999689,20.88489999999716
1458,4.579999999999689,20.976399999997152
1459,4.589999999999689,21.068099999997145
1460,4.599999999999689,21.159999999997137
1461,4.609999999999689,21.252099999997128
1462,4.619999999999688,21.34439999999712
1463,4.629999999999688,21.436899999997113
1464,4.639999999999688,21.529599999997103
1465,4.649999999999688,21.622499999997096
1466,4.6599999999996875,21.71559999999709
1467,4.669999999999687,21.80889999999708
1468,4.679999999999687,21.902399999997073
1469,4.689999999999687,21.996099999997064
1470,4.699999999999687,22.089999999997055
1471,4.709999999999686,22.184099999997045
1472,4.719999999999686,22.27839999999704
1473,4.729999999999686,22.37289999999703
1474,4.739999999999686,22.46759999999702
1475,4.749999999999686,22.562499999997012
1476,4.759999999999685,22.657599999997004
1477,4.769999999999685,22.752899999996995
1478,4.779999999999685,22.84839999999699
1479,4.789999999999685,22.94409999999698
1480,4.7999999999996845,23.039999999996972
1481,4.809999999999684,23.13609999999696
1482,4.819999999999684,23.232399999996954
1483,4.829999999999684,23.328899999996946
1484,4.839999999999684,23.425599999996937
1485,4.8499999999996835,23.522499999996928
1486,4.859999999999683,23.61959999999692
1487,4.869999999999683,23.71689999999691
1488,4.879999999999683,23.814399999996905
1489,4.889999999999683,23.912099999996897
1490,4.899999999999682,24.009999999996886
1491,4.909999999999682,24.108099999996877
1492,4.919999999999682,24.206399999996872
1493,4.929999999999682,24.304899999996863
1494,4.9399999999996815,24.403599999996853
1495,4.949999999999681,24.502499999996846
1496,4.959999999999681,24.601599999996836
1497,4.969999999999681,24.700899999996828
1498,4.979999999999681,24.80039999999682
1499,4.9899999999996805,24.90009999999681
1500,4.99999999999968,24.999999999996803
1501,5.00999999999968,25.100099999996793
1502,5.01999999999968,25.200399999996787
1503,5.02999999999968,25.300899999996776
1504,5.039999999999679,25.40159999999677
1505,5.049999999999679,25.50249999999676
1506,5.059999999999679,25.603599999996753
1507,5.069999999999679,25.704899999996744
1508,5.0799999999996786,25.806399999996735
1509,5.089999999999678,25.908099999996725
1510,5.099999999999678,26.009999999996715
1511,5.109999999999678,26.11209999999671
1512,5.119999999999678,26.2143999999967
1513,5.1299999999996775,26.31689999999669
1514,5.139999999999677,26.41959999999668
1515,5.149999999999677,26.522499999996672
1516,5.159999999999677,26.625599999996666
1517,5.169999999999677,26.728899999996656
1518,5.179999999999676,26.832399999996646
1519,5.189999999999676,26.93609999999664
1520,5.199999999999676,27.03999999999663
1521,5.209999999999676,27.144099999996623
1522,5.219999999999676,27.248399999996614
1523,5.229999999999675,27.352899999996605
1524,5.239999999999675,27.457599999996596
1525,5.249999999999675,27.562499999996586
1526,5.259999999999675,27.66759999999658
1527,5.2699999999996745,27.772899999996568
1528,5.279999999999674,27.87839999999656
1529,5.289999999999674,27.984099999996552
1530,5.299999999999674,28.089999999996543
1531,5.309999999999674,28.196099999996534
1532,5.319999999999673,28.302399999996524
1533,5.329999999999673,28.408899999996517
1534,5.339999999999673,28.515599999996507
1535,5.349999999999673,28.6224999999965
1536,5.359999999999673,28.72959999999649
1537,5.369999999999672,28.836899999996483
1538,5.379999999999672,28.944399999996474
1539,5.389999999999672,29.052099999996464
1540,5.399999999999672,29.159999999996455
1541,5.4099999999996715,29.268099999996444
1542,5.419999999999671,29.376399999996437
1543,5.429999999999671,29.48489999999643
1544,5.439999999999671,29.593599999996417
1545,5.449999999999671,29.70249999999641
1546,5.4599999999996705,29.8115999999964
1547,5.46999999999967,29.920899999996394
1548,5.47999999999967,30.030399999996384
1549,5.48999999999967,30.140099999996373
1550,5.49999999999967,30.249999999996366
1551,5.509999999999669,30.360099999996358
1552,5.519999999999669,30.47039999999635
1553,5.529999999999669,30.580899999996337
1554,5.539999999999669,30.69159999999633
1555,5.5499999999996685,30.80249999999632
1556,5.559999999999668,30.91359999999631
1557,5.569999999999668,31.024899999996304
1558,5.579999999999668,31.136399999996293
1559,5.589999999999668,31.248099999996285
1560,5.5999999999996675,31.359999999996276
1561,5.609999999999667,31.472099999996267
1562,5.619999999999667,31.584399999996258
1563,5.629999999999667,31.696899999996248
1564,5.639999999999667,31.80959999999624
1565,5.649999999999666,31.92249999999623
1566,5.659999999999666,32.03559999999622
1567,5.669999999999666,32.14889999999621
1568,5.679999999999666,32.262399999996205
1569,5.6899999999996655,32.37609999999619
1570,5.699999999999665,32.489999999996186
1571,5.709999999999665,32.60409999999617
1572,5.719999999999665,32.718399999996166
1573,5.729999999999665,32.83289999999616
1574,5.7399999999996645,32.94759999999615
1575,5.749999999999664,33.06249999999614
1576,5.759999999999664,33.17759999999613
1577,5.769999999999664,33.29289999999612
1578,5.779999999999664,33.408399999996114
1579,5.789999999999663,33.5240999999961
1580,5.799999999999663,33.63999999999609
1581,5.809999999999663,33.75609999999608
1582,5.819999999999663,33.87239999999608
1583,5.829999999999663,33.988899999996065
1584,5.839999999999662,34.10559999999606
1585,5.849999999999662,34.222499999996046
1586,5.859999999999662,34.33959999999604
1587,5.869999999999662,34.456899999996025
1588,5.8799999999996615,34.57439999999602
1589,5.889999999999661,34.69209999999601
1590,5.899999999999661,34.809999999996
1591,5.909999999999661,34.92809999999599
1592,5.919999999999661,35.046399999995984
1593,5.92999999999966,35.164899999995974
1594,5.93999999999966,35.283599999995964
1595,5.94999999999966,35.40249999999595
1596,5.95999999999966,35.52159999999594
1597,5.96999999999966,35.64089999999594
1598,5.979999999999659,35.760399999995926
1599,5.989999999999659,35.88009999999591
1600,5.999999999999659,35.99999999999591
1601,6.009999999999657,36.12009999999588
1602,6.0199999999996585,36.24039999999589
1603,6.02999999999966,36.3608999999959
1604,6.039999999999658,36.48159999999587
1605,6.049999999999656,36.602499999995835
1606,6.059999999999658,36.72359999999585
1607,6.069999999999659,36.84489999999586
1608,6.079999999999657,36.96639999999583
1609,6.089999999999655,37.0880999999958
1610,6.099999999999657,37.209999999995816
1611,6.109999999999658,37.332099999995826
1612,6.119999999999656,37.45439999999579
1613,6.129999999999654,37.57689999999576
1614,6.139999999999656,37.699599999995776
1615,6.1499999999996575,37.822499999995784
1616,6.1599999999996555,37.94559999999576
1617,6.1699999999996535,38.06889999999572
1618,6.179999999999655,38.192399999995736
1619,6.189999999999657,38.31609999999575
1620,6.199999999999655,38.43999999999572
1621,6.209999999999653,38.56409999999568
1622,6.219999999999654,38.688399999995696
1623,6.229999999999656,38.812899999995714
1624,6.239999999999654,38.93759999999568
1625,6.249999999999652,39.06249999999565
1626,6.259999999999653,39.18759999999566
1627,6.269999999999655,39.31289999999567
1628,6.279999999999653,39.43839999999564
1629,6.289999999999651,39.56409999999561
1630,6.2999999999996525,39.68999999999562
1631,6.309999999999654,39.816099999995636
1632,6.319999999999652,39.9423999999956
1633,6.32999999999965,40.06889999999557
1634,6.339999999999652,40.195599999995586
1635,6.349999999999653,40.3224999999956
1636,6.359999999999651,40.44959999999556
1637,6.369999999999649,40.57689999999553
1638,6.379999999999651,40.704399999995545
1639,6.389999999999652,40.832099999995556
1640,6.39999999999965,40.959999999995524
1641,6.409999999999648,41.08809999999549
1642,6.41999999999965,41.2163999999955
1643,6.4299999999996515,41.34489999999552
1644,6.43999999999965,41.473599999995486
1645,6.449999999999648,41.60249999999545
1646,6.459999999999649,41.73159999999547
1647,6.469999999999651,41.86089999999548
1648,6.479999999999649,41.99039999999545
1649,6.489999999999647,42.12009999999542
1650,6.499999999999648,42.24999999999543
1651,6.50999999999965,42.380099999995444
1652,6.519999999999648,42.51039999999541
1653,6.529999999999646,42.640899999995376
1654,6.539999999999647,42.77159999999539
1655,6.549999999999649,42.9024999999954
1656,6.559999999999647,43.03359999999537
1657,6.569999999999645,43.164899999995335
1658,6.579999999999647,43.29639999999535
1659,6.589999999999648,43.42809999999536
1660,6.599999999999646,43.55999999999533
1661,6.609999999999644,43.69209999999529
1662,6.619999999999646,43.82439999999531
1663,6.629999999999647,43.95689999999532
1664,6.639999999999645,44.089599999995286
1665,6.649999999999643,44.22249999999526
1666,6.659999999999645,44.35559999999527
1667,6.669999999999646,44.48889999999528
1668,6.6799999999996444,44.62239999999525
1669,6.6899999999996425,44.756099999995214
1670,6.699999999999644,44.88999999999523
1671,6.709999999999646,45.024099999995244
1672,6.719999999999644,45.15839999999521
1673,6.729999999999642,45.29289999999518
1674,6.739999999999643,45.42759999999519
1675,6.749999999999645,45.562499999995204
1676,6.759999999999643,45.69759999999517
1677,6.769999999999641,45.832899999995135
1678,6.779999999999642,45.96839999999515
1679,6.789999999999644,46.104099999995164
1680,6.799999999999642,46.23999999999513
1681,6.80999999999964,46.3760999999951
1682,6.8199999999996415,46.51239999999511
1683,6.829999999999643,46.64889999999512
1684,6.839999999999641,46.78559999999509
1685,6.849999999999639,46.922499999995054
1686,6.859999999999641,47.05959999999507
1687,6.869999999999642,47.19689999999508
1688,6.87999999999964,47.33439999999505
1689,6.889999999999638,47.47209999999502
1690,6.89999999999964,47.609999999995026
1691,6.909999999999641,47.74809999999504
1692,6.919999999999639,47.88639999999501
1693,6.929999999999637,48.02489999999497
1694,6.939999999999639,48.163599999994986
1695,6.9499999999996405,48.302499999995
1696,6.9599999999996385,48.44159999999497
1697,6.9699999999996365,48.580899999994934
1698,6.979999999999638,48.720399999994946
1699,6.98999999999964,48.860099999994965
1700,6.999999999999638,48.99999999999493
1701,7.009999999999636,49.140099999994895
1702,7.019999999999637,49.280399999994906
1703,7.029999999999639,49.42089999999492
1704,7.039999999999637,49.56159999999488
1705,7.049999999999635,49.70249999999485
1706,7.059999999999636,49.843599999994865
1707,7.069999999999638,49.98489999999488
1708,7.079999999999636,50.126399999994845
1709,7.089999999999634,50.26809999999481
1710,7.0999999999996355,50.409999999994824
1711,7.109999999999637,50.55209999999484
1712,7.119999999999635,50.6943999999948
1713,7.129999999999633,50.83689999999477
1714,7.139999999999635,50.97959999999478
1715,7.149999999999636,51.1224999999948
1716,7.159999999999634,51.26559999999476
1717,7.169999999999632,51.40889999999472
1718,7.179999999999634,51.55239999999474
1719,7.189999999999635,51.69609999999476
1720,7.199999999999633,51.83999999999472
1721,7.209999999999631,51.98409999999468
1722,7.219999999999633,52.1283999999947
1723,7.2299999999996345,52.27289999999471
1724,7.2399999999996325,52.41759999999468
1725,7.2499999999996305,52.56249999999464
1726,7.259999999999632,52.707599999994656
1727,7.269999999999634,52.852899999994676
1728,7.279999999999632,52.99839999999464
1729,7.28999999999963,53.1440999999946
1730,7.299999999999631,53.28999999999461
1731,7.309999999999633,53.43609999999463
1732,7.319999999999631,53.58239999999459
1733,7.329999999999629,53.72889999999456
1734,7.33999999999963,53.87559999999458
1735,7.349999999999632,54.02249999999459
1736,7.35999999999963,54.16959999999455
1737,7.369999999999628,54.31689999999452
1738,7.3799999999996295,54.464399999994534
1739,7.389999999999631,54.61209999999455
1740,7.399999999999629,54.75999999999451
1741,7.409999999999627,54.90809999999448
1742,7.419999999999629,55.05639999999449
1743,7.42999999999963,55.2048999999945
1744,7.439999999999628,55.353599999994465
1745,7.449999999999626,55.502499999994434
1746,7.459999999999628,55.651599999994446
1747,7.469999999999629,55.80089999999446
1748,7.479999999999627,55.950399999994424
1749,7.489999999999625,56.10009999999439
1750,7.499999999999627,56.24999999999441
1751,7.5099999999996285,56.40009999999442
1752,7.5199999999996265,56.55039999999438
1753,7.5299999999996245,56.70089999999435
1754,7.539999999999626,56.85159999999436
1755,7.549999999999628,57.00249999999438
1756,7.559999999999626,57.15359999999434
1757,7.569999999999624,57.304899999994305
1758,7.579999999999625,57.45639999999432
1759,7.589999999999627,57.60809999999434
1760,7.599999999999625,57.7599999999943
1761,7.609999999999623,57.91209999999426
1762,7.619999999999624,58.06439999999428
1763,7.629999999999626,58.21689999999429
1764,7.639999999999624,58.36959999999426
1765,7.649999999999622,58.52249999999422
1766,7.6599999999996236,58.67559999999423
1767,7.669999999999625,58.82889999999425
1768,7.679999999999623,58.982399999994215
1769,7.689999999999621,59.13609999999417
1770,7.699999999999623,59.28999999999419
1771,7.709999999999624,59.44409999999421
1772,7.719999999999622,59.598399999994164
1773,7.72999999999962,59.75289999999413
1774,7.739999999999622,59.90759999999415
1775,7.749999999999623,60.062499999994166
1776,7.759999999999621,60.21759999999412
1777,7.769999999999619,60.37289999999408
1778,7.779999999999621,60.5283999999941
1779,7.789999999999623,60.68409999999412
1780,7.799999999999621,60.83999999999408
1781,7.809999999999619,60.996099999994044
1782,7.81999999999962,61.15239999999406
1783,7.829999999999622,61.308899999994075
1784,7.83999999999962,61.46559999999404
1785,7.849999999999618,61.622499999994
1786,7.859999999999619,61.77959999999401
1787,7.869999999999621,61.93689999999403
1788,7.879999999999619,62.094399999993996
1789,7.889999999999617,62.25209999999395
1790,7.899999999999618,62.40999999999397
1791,7.90999999999962,62.56809999999399
1792,7.919999999999618,62.72639999999395
1793,7.929999999999616,62.88489999999391
1794,7.939999999999618,63.04359999999393
1795,7.949999999999619,63.20249999999395
1796,7.959999999999617,63.361599999993906
1797,7.969999999999615,63.520899999993865
1798,7.979999999999617,63.68039999999388
1799,7.989999999999618,63.8400999999939
1800,7.999999999999616,63.99999999999386
1801,8.009999999999614,64.16009999999382
1802,8.019999999999616,64.32039999999384
1803,8.029999999999617,64.48089999999385
1804,8.039999999999615,64.64159999999382
1805,8.049999999999613,64.80249999999377
1806,8.059999999999615,64.96359999999379
1807,8.069999999999617,65.12489999999381
1808,8.079999999999615,65.28639999999378
1809,8.089999999999613,65.44809999999373
1810,8.099999999999614,65.60999999999375
1811,8.109999999999616,65.77209999999377
1812,8.119999999999614,65.93439999999373
1813,8.129999999999612,66.09689999999368
1814,8.139999999999613,66.25959999999371
1815,8.149999999999615,66.42249999999372
1816,8.159999999999613,66.58559999999368
1817,8.169999999999611,66.74889999999364
1818,8.179999999999612,66.91239999999365
1819,8.189999999999614,67.07609999999367
1820,8.199999999999612,67.23999999999364
1821,8.20999999999961,67.40409999999359
1822,8.219999999999612,67.56839999999362
1823,8.229999999999613,67.73289999999363
1824,8.239999999999611,67.89759999999359
1825,8.24999999999961,68.06249999999355
1826,8.25999999999961,68.22759999999357
1827,8.269999999999612,68.39289999999359
1828,8.27999999999961,68.55839999999355
1829,8.289999999999608,68.72409999999351
1830,8.29999999999961,68.88999999999352
1831,8.309999999999611,69.05609999999355
1832,8.31999999999961,69.2223999999935
1833,8.329999999999607,69.38889999999346
1834,8.339999999999609,69.55559999999348
1835,8.34999999999961,69.7224999999935
1836,8.359999999999609,69.88959999999345
1837,8.369999999999607,70.05689999999342
1838,8.379999999999608,70.22439999999344
1839,8.38999999999961,70.39209999999345
1840,8.399999999999608,70.55999999999341
1841,8.409999999999606,70.72809999999338
1842,8.419999999999607,70.89639999999339
1843,8.429999999999609,71.0648999999934
1844,8.439999999999607,71.23359999999336
1845,8.449999999999605,71.40249999999332
1846,8.459999999999607,71.57159999999334
1847,8.469999999999608,71.74089999999336
1848,8.479999999999606,71.91039999999332
1849,8.489999999999604,72.08009999999328
1850,8.499999999999606,72.24999999999329
1851,8.509999999999607,72.42009999999331
1852,8.519999999999605,72.59039999999327
1853,8.529999999999603,72.76089999999323
1854,8.539999999999605,72.93159999999325
1855,8.549999999999606,73.10249999999327
1856,8.559999999999604,73.27359999999322
1857,8.569999999999602,73.44489999999318
1858,8.579999999999604,73.6163999999932
1859,8.589999999999606,73.78809999999322
1860,8.599999999999604,73.95999999999319
1861,8.609999999999602,74.13209999999314
1862,8.619999999999603,74.30439999999315
1863,8.629999999999605,74.47689999999318
1864,8.639999999999603,74.64959999999313
1865,8.6499999999996,74.8224999999931
1866,8.659999999999602,74.9955999999931
1867,8.669999999999604,75.16889999999313
1868,8.679999999999602,75.34239999999309
1869,8.6899999999996,75.51609999999305
1870,8.699999999999601,75.68999999999306
1871,8.709999999999603,75.86409999999309
1872,8.719999999999601,76.03839999999305
1873,8.729999999999599,76.212899999993
1874,8.7399999999996,76.38759999999301
1875,8.749999999999602,76.56249999999304
1876,8.7599999999996,76.737599999993
1877,8.769999999999598,76.91289999999294
1878,8.7799999999996,77.08839999999297
1879,8.789999999999601,77.264099999993
1880,8.7999999999996,77.43999999999295
1881,8.809999999999597,77.6160999999929
1882,8.819999999999599,77.79239999999292
1883,8.8299999999996,77.96889999999294
1884,8.839999999999598,78.1455999999929
1885,8.849999999999596,78.32249999999286
1886,8.859999999999598,78.49959999999288
1887,8.8699999999996,78.6768999999929
1888,8.879999999999598,78.85439999999285
1889,8.889999999999596,79.03209999999281
1890,8.899999999999597,79.20999999999283
1891,8.909999999999599,79.38809999999285
1892,8.919999999999597,79.56639999999281
1893,8.929999999999595,79.74489999999277
1894,8.939999999999596,79.92359999999277
1895,8.949999999999598,80.1024999999928
1896,8.959999999999596,80.28159999999276
1897,8.969999999999594,80.46089999999272
1898,8.979999999999595,80.64039999999274
1899,8.989999999999597,80.82009999999275
1900,8.999999999999595,80.99999999999271
1901,9.009999999999593,81.18009999999266
1902,9.019999999999595,81.36039999999268
1903,9.029999999999596,81.5408999999927
1904,9.039999999999594,81.72159999999266
1905,9.049999999999592,81.90249999999261
1906,9.059999999999594,82.08359999999264
1907,9.069999999999595,82.26489999999266
1908,9.079999999999593,82.44639999999261
1909,9.089999999999591,82.62809999999257
1910,9.099999999999593,82.80999999999258
1911,9.109999999999594,82.9920999999926
1912,9.119999999999592,83.17439999999256
1913,9.12999999999959,83.35689999999252
1914,9.139999999999592,83.53959999999255
1915,9.149999999999594,83.72249999999256
1916,9.159999999999592,83.90559999999252
1917,9.16999999999959,84.08889999999248
1918,9.179999999999591,84.27239999999249
1919,9.189999999999593,84.45609999999252
1920,9.19999999999959,84.63999999999247
1921,9.209999999999589,84.82409999999243
1922,9.21999999999959,85.00839999999245
1923,9.229999999999592,85.19289999999246
1924,9.23999999999959,85.37759999999243
1925,9.249999999999588,85.56249999999238
1926,9.25999999999959,85.7475999999924
1927,9.269999999999591,85.93289999999242
1928,9.279999999999589,86.11839999999238
1929,9.289999999999587,86.30409999999233
1930,9.299999999999589,86.48999999999235
1931,9.30999999999959,86.67609999999237
1932,9.319999999999588,86.86239999999232
1933,9.329999999999586,87.04889999999227
1934,9.339999999999588,87.2355999999923
1935,9.34999999999959,87.42249999999233
1936,9.359999999999587,87.60959999999227
1937,9.369999999999585,87.79689999999223
1938,9.379999999999587,87.98439999999225
1939,9.389999999999588,88.17209999999227
1940,9.399999999999586,88.35999999999223
1941,9.409999999999584,88.54809999999217
1942,9.419999999999586,88.7363999999922
1943,9.429999999999588,88.92489999999222
1944,9.439999999999586,89.11359999999218
1945,9.449999999999584,89.30249999999214
1946,9.459999999999585,89.49159999999215
1947,9.469999999999587,89.68089999999218
1948,9.479999999999585,89.87039999999213
1949,9.489999999999583,90.06009999999208
1950,9.499999999999584,90.2499999999921
1951,9.509999999999586,90.44009999999213
1952,9.519999999999584,90.63039999999208
1953,9.529999999999582,90.82089999999204
1954,9.539999999999583,91.01159999999206
1955,9.549999999999585,91.20249999999207
1956,9.559999999999583,91.39359999999203
1957,9.569999999999581,91.58489999999198
1958,9.579999999999583,91.77639999999201
1959,9.589999999999584,91.96809999999202
1960,9.599999999999582,92.15999999999198
1961,9.60999999999958,92.35209999999194
1962,9.619999999999582,92.54439999999195
1963,9.629999999999583,92.73689999999198
1964,9.639999999999581,92.92959999999192
1965,9.64999999999958,93.12249999999189
1966,9.659999999999581,93.3155999999919
1967,9.669999999999582,93.50889999999193
1968,9.67999999999958,93.70239999999188
1969,9.689999999999579,93.89609999999183
1970,9.69999999999958,94.08999999999185
1971,9.709999999999582,94.28409999999188
1972,9.71999999999958,94.47839999999182
1973,9.729999999999578,94.67289999999178
1974,9.73999999999958,94.8675999999918
1975,9.74999999999958,95.06249999999183
1976,9.759999999999579,95.25759999999178
1977,9.769999999999577,95.45289999999173
1978,9.779999999999578,95.64839999999175
1979,9.78999999999958,95.84409999999177
1980,9.799999999999578,96.03999999999172
1981,9.809999999999576,96.23609999999168
1982,9.819999999999578,96.4323999999917
1983,9.829999999999579,96.62889999999173
1984,9.839999999999577,96.82559999999168
1985,9.849999999999575,97.02249999999162
1986,9.859999999999577,97.21959999999166
1987,9.869999999999578,97.41689999999167
1988,9.879999999999576,97.61439999999163
1989,9.889999999999574,97.81209999999157
1990,9.899999999999576,98.0099999999916
1991,9.909999999999577,98.20809999999162
1992,9.919999999999575,98.40639999999158
1993,9.929999999999573,98.60489999999153
1994,9.939999999999575,98.80359999999155
1995,9.949999999999577,99.00249999999157
1996,9.959999999999575,99.20159999999153
1997,9.969999999999573,99.40089999999148
1998,9.979999999999574,99.6003999999915
1999,9.989999999999576,99.80009999999152
